path,category,filename,bytes,sha256,source_url,product,doc_type,title
knowledge_fabric/product_manuals/Lactate_Plus_Xpress2_IFU.pdf,product_manual,Lactate_Plus_Xpress2_IFU.pdf,5120715,512464aadee45b6188acd799204d80ca334c1d26c95ef645602aef31324890fc,https://raw.githubusercontent.com/prashobh-ai/novabiomedical_v2/main/docs_source/Lactate_Plus_Xpress2_IFU.pdf,,Instructions For Use,Lactate Plus Xpress2 IFU
knowledge_fabric/product_manuals/StatSensor_Creatinine_IFU_Instruction_Manual.pdf,product_manual,StatSensor_Creatinine_IFU_Instruction_Manual.pdf,2847204,cc8b79101cf9b61e6290d3fa66701de9dd3916e8b69aefc05a36d3470e82466f,https://raw.githubusercontent.com/prashobh-ai/novabiomedical_v2/main/docs_source/StatSensor_Creatinine_IFU_Instruction_Manual.pdf,,Instructions For Use,StatSensor Creatinine IFU Instruction Manual
knowledge_fabric/product_manuals/StatSensor_Creatinine_Reference_Manual.pdf,product_manual,StatSensor_Creatinine_Reference_Manual.pdf,1047322,10d3d777b260d3bb8079fb50610a2d5aead77ed9d363427940e57bac7ecb2324,https://raw.githubusercontent.com/prashobh-ai/novabiomedical_v2/main/docs_source/StatSensor_Creatinine_Reference_Manual.pdf,,Instructions For Use,StatSensor Creatinine Reference Manual
knowledge_fabric/product_manuals/StatStrip_2.0_Glucose_Quick_Reference_Guide.pdf,product_manual,StatStrip_2.0_Glucose_Quick_Reference_Guide.pdf,2523434,b7ed57c5a56742818a1f2ae7175aedbceddd73ade5ca79347113e6690d840093,https://raw.githubusercontent.com/prashobh-ai/novabiomedical_v2/main/docs_source/StatStrip_2.0_Glucose_Quick_Reference_Guide.pdf,,Instructions For Use,StatStrip 2.0 Glucose Quick Reference Guide
knowledge_fabric/product_manuals/StatStrip_Glucose_Quick_Reference_Guide.pdf,product_manual,StatStrip_Glucose_Quick_Reference_Guide.pdf,1696563,a9faf8256c1499e80751dfbe3ad1080540cf48d8afc0d7f98ebb7009f63163fd,https://raw.githubusercontent.com/prashobh-ai/novabiomedical_v2/main/docs_source/StatStrip_Glucose_Quick_Reference_Guide.pdf,,Instructions For Use,StatStrip Glucose Quick Reference Guide
knowledge_fabric/product_manuals/StatStrip_Lactate_IFU_Instruction_Manual.pdf,product_manual,StatStrip_Lactate_IFU_Instruction_Manual.pdf,4164551,4662b4108a763defc72dae5a52295ca8d957c12aa51d082cf85f0ad8df8896f0,https://raw.githubusercontent.com/prashobh-ai/novabiomedical_v2/main/docs_source/StatStrip_Lactate_IFU_Instruction_Manual.pdf,,Instructions For Use,StatStrip Lactate IFU Instruction Manual
knowledge_fabric/product_manuals/StatStrip_Lactate_Reference_Manual.pdf,product_manual,StatStrip_Lactate_Reference_Manual.pdf,1532201,7b184bc19a7208926261c8f9a3663fbe6ed80051dd463df628e74bca1c35219d,https://raw.githubusercontent.com/prashobh-ai/novabiomedical_v2/main/docs_source/StatStrip_Lactate_Reference_Manual.pdf,,Instructions For Use,StatStrip Lactate Reference Manual
knowledge_fabric/product_manuals/StatStrip_Xpress2_Glucose_Reference_Manual.pdf,product_manual,StatStrip_Xpress2_Glucose_Reference_Manual.pdf,709680,b85cf19675996121be1a0d1dde4d4d67242c9df9562052996edc013679bdaf6b,https://raw.githubusercontent.com/prashobh-ai/novabiomedical_v2/main/docs_source/StatStrip_Xpress2_Glucose_Reference_Manual.pdf,,Instructions For Use,StatStrip Xpress2 Glucose Reference Manual
knowledge_fabric/product_manuals/BioProfile_FAST_CDV__LPN_65655_C.pdf,product_manual,BioProfile_FAST_CDV__LPN_65655_C.pdf,5089335,7171e63abcd49ec5e5aeb9e55b24207108af3b2ccbbf262feb9f566d8d23c974,https://novabiomedicaldocs.com/wp-content/uploads/filr/32301/LPN-65655-C-BioProfile-FAST-CDV-IFU-EN.pdf,BioProfile FAST CDV,IFU Manual,BioProfile FAST CDV - Instructions For Use Manual
knowledge_fabric/product_manuals/BioProfile_FLEX2__LPN_57960.pdf,product_manual,BioProfile_FLEX2__LPN_57960.pdf,10013798,0b08eb71e3f01fa5c2eadfdda6dc3e91b037b80a7dac9602826bfcf8ad6d102f,https://novabiomedicaldocs.com/wp-content/uploads/filr/26707/LPN-57960-BioProfile-FLEX2-IFU-EN-Manual.pdf,BioProfile FLEX2,IFU Manual,BioProfile FLEX2 - Instructions For Use Manual
knowledge_fabric/product_manuals/BioProfile_FLEX2__LPN_59698.pdf,product_manual,BioProfile_FLEX2__LPN_59698.pdf,4768591,fbfc18d478ce5920d14f49505bfb5aedc39e5f103f3e40b32d0ed5a2b7c1a9a9,https://novabiomedicaldocs.com/wp-content/uploads/filr/26709/LPN-59698-BioProfile-FLEX2-ESM-IFU.pdf,BioProfile FLEX2,IFU Manual,BioProfile FLEX2 ESM - Instructions For Use Manual
knowledge_fabric/product_manuals/BioProfile_FLEX2__LPN_62541_E.pdf,product_manual,BioProfile_FLEX2__LPN_62541_E.pdf,31880125,c5c124449d43599d6d7f50750579c529ec9585ee7a7ca11e75a0baaf5ef7007b,https://novabiomedicaldocs.com/wp-content/uploads/filr/32743/LPN-62541-E-BioProfile-FLEX2-Basic-ABC-IFU-EN-Manual.pdf,BioProfile FLEX2,IFU Manual,"BioProfile FLEX2 Basic A, B, C - Instructions for Use Manual"
knowledge_fabric/product_manuals/BioProfile_pHOx__IFU_52942.pdf,product_manual,BioProfile_pHOx__IFU_52942.pdf,3292988,e2051688376c63e1ce08ff6afb4ff8e2263d673578622e027c35d844d96ec3d5,https://novabiomedicaldocs.com/wp-content/uploads/filr/32214/IFU-52942-BioProfile-pHOx-Analyzer-Instructions-Manual.pdf,BioProfile pHOx,IFU Manual,BioProfile pHOx - Instructions For Use Manual
knowledge_fabric/product_manuals/Nova_Primary_Glucose_Analyzer__LPN_63438.pdf,product_manual,Nova_Primary_Glucose_Analyzer__LPN_63438.pdf,3654699,4d4172286dbc9e3560d707a946ee0e4b08fd64f538dd0a2995db56c901813e03,https://novabiomedicaldocs.com/wp-content/uploads/filr/26706/LPN_63438_Nova_Primary_Glucose_Analyzer_IFU_EN_Manual_Instructions.pdf,Nova Primary Glucose Analyzer,IFU Manual,Nova Primary - Instructions For Use Manual
knowledge_fabric/product_manuals/StatStrip_Glucose_Hospital_Gen_1_86__LPN_55848_M.pdf,product_manual,StatStrip_Glucose_Hospital_Gen_1_86__LPN_55848_M.pdf,4132547,9047785d3413ced6c8a64b74e0e084ded9789f96c8c831e1f291c489fe5e62f9,https://novabiomedicaldocs.com/wp-content/uploads/filr/26782/LPN-55848-M-StatStrip-1.86-Glu-IFU-EN.pdf,StatStrip Glucose Hospital (Gen 1.86),IFU Manual,StatStrip Glucose (Generation 1.86) - Instructions For Use Manual
knowledge_fabric/product_manuals/StatStrip_Glucose_Hospital_Gen_2__LPN_65965_D.pdf,product_manual,StatStrip_Glucose_Hospital_Gen_2__LPN_65965_D.pdf,5466472,9903a5de19fba0e44d5267c8e24d06210eaa32f9eb31eb6c76327fcd4319f96f,https://novabiomedicaldocs.com/wp-content/uploads/filr/26780/LPN-65965-D-StatStrip-2.0-Glu-IFU-EN.pdf,StatStrip Glucose Hospital (Gen 2),IFU Manual,StatStrip Glucose (Generation 2) - Instructions For Use Manual
knowledge_fabric/product_manuals/StatStrip_Xpress2_Glucose__LPN_57577_G.pdf,product_manual,StatStrip_Xpress2_Glucose__LPN_57577_G.pdf,1745779,ebe90931d70c62a8d1af41b86edc510e86636aef46fa96b73cbf7be511a0e8ac,https://novabiomedicaldocs.com/wp-content/uploads/filr/26788/LPN_57577_G_StatStrip_Xpress_2_Glu_IFU_EN_Instruction_Manual.pdf,StatStrip Xpress2 Glucose,IFU Manual,StatStrip Xpress2 - Instructions For Use Manual
knowledge_fabric/product_manuals/Stat_Profile_Prime_CCS__LPN_52920.pdf,product_manual,Stat_Profile_Prime_CCS__LPN_52920.pdf,3263835,acecf8467ef66119f493248b845c2cc816b169336a8dc25c7686d9e8b0a79d21,https://novabiomedicaldocs.com/wp-content/uploads/filr/26698/LPN-52920-Prime-CCS-IFU-EN-Manual-IFU.pdf,Stat Profile Prime CCS,IFU Manual,Stat Profile Prime CCS - Instructions For Use Manual
knowledge_fabric/product_manuals/Stat_Profile_Prime_ES_Comp_Plus__LPN_62064.pdf,product_manual,Stat_Profile_Prime_ES_Comp_Plus__LPN_62064.pdf,4736529,72d9540ad0bcfca44c2b41181f56ef2a061f5e0ba1b42dfcc4b99e7f040312fd,https://novabiomedicaldocs.com/wp-content/uploads/filr/26702/LPN_62064_Prime_ES_Comp_Plus_IFU_EN_Analyzer_Instructions_Manual.pdf.pdf,Stat Profile Prime ES Comp Plus,IFU Manual,Stat Profile Prime ES Comp Plus - Instructions For Use Manual
knowledge_fabric/product_manuals/Stat_Profile_Prime_Plus__LPN_60278_E.pdf,product_manual,Stat_Profile_Prime_Plus__LPN_60278_E.pdf,4732690,b2f709bc378742833c4e57b4517ffc07677bf0a62ccfa609c1c5c76fb18ad822,https://novabiomedicaldocs.com/wp-content/uploads/filr/26647/LPN_60278_E_Prime_Plus_IFU_instructions.pdf,Stat Profile Prime Plus,IFU Manual,Stat Profile Prime Plus - Instructions For Use Manual
knowledge_fabric/fda_files/documents/K163490_REVIEW_StatStrip_Xpress_2_Glucose_Hospital_Meter_System.pdf,fda_document,K163490_REVIEW_StatStrip_Xpress_2_Glucose_Hospital_Meter_System.pdf,232031,b5e69d52be99ec7c6ff2d0704fbdeed52424022ed75e97ebd5640474feb83d02,https://raw.githubusercontent.com/prashobh-ai/novabiomedical_v2/main/docs_source/fda_regulatory/K163490_REVIEW_StatStrip_Xpress_2_Glucose_Hospital_Meter_System.pdf,,FDA 510(k),K163490 REVIEW StatStrip Xpress 2 Glucose Hospital Meter System
knowledge_fabric/fda_files/documents/K163490_StatStrip_Xpress_2_Glucose_Hospital_Meter_System.pdf,fda_document,K163490_StatStrip_Xpress_2_Glucose_Hospital_Meter_System.pdf,1676205,5b46469d5e2cf37248e0f5c7aded9eaf3c2587c3f33be7bc35653328754ed742,https://raw.githubusercontent.com/prashobh-ai/novabiomedical_v2/main/docs_source/fda_regulatory/K163490_StatStrip_Xpress_2_Glucose_Hospital_Meter_System.pdf,,FDA 510(k),K163490 StatStrip Xpress 2 Glucose Hospital Meter System
knowledge_fabric/fda_files/documents/K181043_REVIEW_StatStrip_Glucose_Hospital_Meter_System.pdf,fda_document,K181043_REVIEW_StatStrip_Glucose_Hospital_Meter_System.pdf,354623,cdd233f3e76cd7d49fc93bd5dba4d12980a16698c138a4b3923bd9421b92ef25,https://raw.githubusercontent.com/prashobh-ai/novabiomedical_v2/main/docs_source/fda_regulatory/K181043_REVIEW_StatStrip_Glucose_Hospital_Meter_System.pdf,,FDA 510(k),K181043 REVIEW StatStrip Glucose Hospital Meter System
knowledge_fabric/fda_files/documents/K181043_StatStrip_Glucose_Hospital_Meter_System.pdf,fda_document,K181043_StatStrip_Glucose_Hospital_Meter_System.pdf,237897,1d50912cbb397b5ca2385fa04674fffedab401f8771ae61ea393d1b3f46aecb5,https://raw.githubusercontent.com/prashobh-ai/novabiomedical_v2/main/docs_source/fda_regulatory/K181043_StatStrip_Glucose_Hospital_Meter_System.pdf,,FDA 510(k),K181043 StatStrip Glucose Hospital Meter System
knowledge_fabric/fda_files/documents/K191626_REVIEW_Stat_Profile_Prime_ES_Comp_Plus_Analyzer_System.pdf,fda_document,K191626_REVIEW_Stat_Profile_Prime_ES_Comp_Plus_Analyzer_System.pdf,177132,a98be00d2e85b8f9644dec1b44e37adf8f78b2312a1df5e43214de2d20a2974c,https://raw.githubusercontent.com/prashobh-ai/novabiomedical_v2/main/docs_source/fda_regulatory/K191626_REVIEW_Stat_Profile_Prime_ES_Comp_Plus_Analyzer_System.pdf,,FDA 510(k),K191626 REVIEW Stat Profile Prime ES Comp Plus Analyzer System
knowledge_fabric/fda_files/documents/K191626_Stat_Profile_Prime_ES_Comp_Plus_Analyzer_System.pdf,fda_document,K191626_Stat_Profile_Prime_ES_Comp_Plus_Analyzer_System.pdf,1109839,df7fff74b2f7fa9890f0139b93f85b0d39dfee5c1bdc64a254c7461b70eb10f7,https://raw.githubusercontent.com/prashobh-ai/novabiomedical_v2/main/docs_source/fda_regulatory/K191626_Stat_Profile_Prime_ES_Comp_Plus_Analyzer_System.pdf,,FDA 510(k),K191626 Stat Profile Prime ES Comp Plus Analyzer System
knowledge_fabric/fda_files/documents/K193246_REVIEW_Stat_Profile_Prime_Plus_Analyzer_System.pdf,fda_document,K193246_REVIEW_Stat_Profile_Prime_Plus_Analyzer_System.pdf,87957,a7bedf061cbb8058b425dc78469f409db0009a1ffae59b77fa7365e684c62c31,https://raw.githubusercontent.com/prashobh-ai/novabiomedical_v2/main/docs_source/fda_regulatory/K193246_REVIEW_Stat_Profile_Prime_Plus_Analyzer_System.pdf,,FDA 510(k),K193246 REVIEW Stat Profile Prime Plus Analyzer System
knowledge_fabric/fda_files/documents/K193246_Stat_Profile_Prime_Plus_Analyzer_System.pdf,fda_document,K193246_Stat_Profile_Prime_Plus_Analyzer_System.pdf,299860,aeefc6e1258d5d9a6e89d8dd138b9737e37ce23657cda6718539a9b76f567cd8,https://raw.githubusercontent.com/prashobh-ai/novabiomedical_v2/main/docs_source/fda_regulatory/K193246_Stat_Profile_Prime_Plus_Analyzer_System.pdf,,FDA 510(k),K193246 Stat Profile Prime Plus Analyzer System
knowledge_fabric/fda_files/documents/K200403_REVIEW_Stat_Profile_Prime_Plus_Analyzer_System.pdf,fda_document,K200403_REVIEW_Stat_Profile_Prime_Plus_Analyzer_System.pdf,122297,5c27dbcd60365d657e11e4ca03618206da534635efbe28809e39260ebc546f12,https://raw.githubusercontent.com/prashobh-ai/novabiomedical_v2/main/docs_source/fda_regulatory/K200403_REVIEW_Stat_Profile_Prime_Plus_Analyzer_System.pdf,,FDA 510(k),K200403 REVIEW Stat Profile Prime Plus Analyzer System
knowledge_fabric/fda_files/documents/K200403_Stat_Profile_Prime_Plus_Analyzer_System.pdf,fda_document,K200403_Stat_Profile_Prime_Plus_Analyzer_System.pdf,310942,416ad37112da42c95ffc9e784711f5e888bb91e45047e8a7ba2bc05a786afa9d,https://raw.githubusercontent.com/prashobh-ai/novabiomedical_v2/main/docs_source/fda_regulatory/K200403_Stat_Profile_Prime_Plus_Analyzer_System.pdf,,FDA 510(k),K200403 Stat Profile Prime Plus Analyzer System
knowledge_fabric/fda_files/documents/K203549_Nova_Primary_Glucose_Analyzer_System.pdf,fda_document,K203549_Nova_Primary_Glucose_Analyzer_System.pdf,431156,e7e0616d48ae8a3ea55c1e9510bcb9e5728ee1a3c2d8a420b08be412c5a4c09c,https://raw.githubusercontent.com/prashobh-ai/novabiomedical_v2/main/docs_source/fda_regulatory/K203549_Nova_Primary_Glucose_Analyzer_System.pdf,,FDA 510(k),K203549 Nova Primary Glucose Analyzer System
knowledge_fabric/fda_files/documents/K203549_REVIEW_Nova_Primary_Glucose_Analyzer_System.pdf,fda_document,K203549_REVIEW_Nova_Primary_Glucose_Analyzer_System.pdf,317075,849ade99d4f1e737b022dc90535b7de86f154e1a6619fd7ff8f73b84610384d9,https://raw.githubusercontent.com/prashobh-ai/novabiomedical_v2/main/docs_source/fda_regulatory/K203549_REVIEW_Nova_Primary_Glucose_Analyzer_System.pdf,,FDA 510(k),K203549 REVIEW Nova Primary Glucose Analyzer System
"knowledge_fabric/fda_files/documents/K221326_Nova_Allegro_HbA1c_Assay,_Nova_Allegro_Analyzer.pdf",fda_document,"K221326_Nova_Allegro_HbA1c_Assay,_Nova_Allegro_Analyzer.pdf",2667893,3421eab81e762b21cc9b5771a448db459f69e04478e2f648cbc56311e8746de3,https://raw.githubusercontent.com/prashobh-ai/novabiomedical_v2/main/docs_source/fda_regulatory/K221326_Nova_Allegro_HbA1c_Assay%2C_Nova_Allegro_Analyzer.pdf,,FDA 510(k),"K221326 Nova Allegro HbA1c Assay, Nova Allegro Analyzer"
"knowledge_fabric/fda_files/documents/K221326_REVIEW_Nova_Allegro_HbA1c_Assay,_Nova_Allegro_Analyzer.pdf",fda_document,"K221326_REVIEW_Nova_Allegro_HbA1c_Assay,_Nova_Allegro_Analyzer.pdf",352272,c35a391b7a37433df9d0200bc58030bdfe952760597fc1025beb1350ec41afaa,https://raw.githubusercontent.com/prashobh-ai/novabiomedical_v2/main/docs_source/fda_regulatory/K221326_REVIEW_Nova_Allegro_HbA1c_Assay%2C_Nova_Allegro_Analyzer.pdf,,FDA 510(k),"K221326 REVIEW Nova Allegro HbA1c Assay, Nova Allegro Analyzer"
"knowledge_fabric/fda_files/documents/K221813_Nova_Allegro_UACR_Assay,_Nova_Allegro_Analyzer.pdf",fda_document,"K221813_Nova_Allegro_UACR_Assay,_Nova_Allegro_Analyzer.pdf",2713428,2158cdf4ecbd13ec438a27cb056defc822d542f04e359718097cbd718c369284,https://raw.githubusercontent.com/prashobh-ai/novabiomedical_v2/main/docs_source/fda_regulatory/K221813_Nova_Allegro_UACR_Assay%2C_Nova_Allegro_Analyzer.pdf,,FDA 510(k),"K221813 Nova Allegro UACR Assay, Nova Allegro Analyzer"
"knowledge_fabric/fda_files/documents/K221813_REVIEW_Nova_Allegro_UACR_Assay,_Nova_Allegro_Analyzer.pdf",fda_document,"K221813_REVIEW_Nova_Allegro_UACR_Assay,_Nova_Allegro_Analyzer.pdf",318506,b4f670e3c6856b33a4845560dd0f49957d30ad2354a42052d2e4b5bd12424de5,https://raw.githubusercontent.com/prashobh-ai/novabiomedical_v2/main/docs_source/fda_regulatory/K221813_REVIEW_Nova_Allegro_UACR_Assay%2C_Nova_Allegro_Analyzer.pdf,,FDA 510(k),"K221813 REVIEW Nova Allegro UACR Assay, Nova Allegro Analyzer"
knowledge_fabric/fda_files/documents/K221900_REVIEW_Stat_Profile_Prime_Plus_Analyzer_System.pdf,fda_document,K221900_REVIEW_Stat_Profile_Prime_Plus_Analyzer_System.pdf,445423,c5ce009399236286c01b2f2e9ea4703fae2fb62a193382e74256f08638bb64d4,https://raw.githubusercontent.com/prashobh-ai/novabiomedical_v2/main/docs_source/fda_regulatory/K221900_REVIEW_Stat_Profile_Prime_Plus_Analyzer_System.pdf,,FDA 510(k),K221900 REVIEW Stat Profile Prime Plus Analyzer System
knowledge_fabric/fda_files/documents/K221900_Stat_Profile_Prime_Plus_Analyzer_System.pdf,fda_document,K221900_Stat_Profile_Prime_Plus_Analyzer_System.pdf,2752175,614bf76a98e507369ecaff8e6d1163440d00f5950a48e0b71304e2369fd81411,https://raw.githubusercontent.com/prashobh-ai/novabiomedical_v2/main/docs_source/fda_regulatory/K221900_Stat_Profile_Prime_Plus_Analyzer_System.pdf,,FDA 510(k),K221900 Stat Profile Prime Plus Analyzer System
knowledge_fabric/fda_files/documents/K232075_REVIEW_StatStrip_Glucose_Hospital_Meter_System.pdf,fda_document,K232075_REVIEW_StatStrip_Glucose_Hospital_Meter_System.pdf,241868,4014996a6881e4d3fcbefdb45d00024db181acc0edbcdada3dc3631320b90d83,https://raw.githubusercontent.com/prashobh-ai/novabiomedical_v2/main/docs_source/fda_regulatory/K232075_REVIEW_StatStrip_Glucose_Hospital_Meter_System.pdf,,FDA 510(k),K232075 REVIEW StatStrip Glucose Hospital Meter System
knowledge_fabric/fda_files/documents/K232075_StatStrip_Glucose_Hospital_Meter_System.pdf,fda_document,K232075_StatStrip_Glucose_Hospital_Meter_System.pdf,2718567,905b55cf58b2d10548db91b82497e97821540ee13ae706444502e98ba16f5ac2,https://raw.githubusercontent.com/prashobh-ai/novabiomedical_v2/main/docs_source/fda_regulatory/K232075_StatStrip_Glucose_Hospital_Meter_System.pdf,,FDA 510(k),K232075 StatStrip Glucose Hospital Meter System
knowledge_fabric/fda_files/documents/K251281_Nova_Max_Creat_eGFR_Monitoring_System.pdf,fda_document,K251281_Nova_Max_Creat_eGFR_Monitoring_System.pdf,2704276,52b64c31d35b03950f31d2e63c2031b8004fb8b75cfddac2b45aeebf20437a4b,https://raw.githubusercontent.com/prashobh-ai/novabiomedical_v2/main/docs_source/fda_regulatory/K251281_Nova_Max_Creat_eGFR_Monitoring_System.pdf,,FDA 510(k),K251281 Nova Max Creat eGFR Monitoring System
knowledge_fabric/fda_files/documents/K251281_REVIEW_Nova_Max_Creat_eGFR_Monitoring_System.pdf,fda_document,K251281_REVIEW_Nova_Max_Creat_eGFR_Monitoring_System.pdf,452641,92478be57fec0ee0b31a45d10ab967366b5f459d3594e8a8370c725be92b46a6,https://raw.githubusercontent.com/prashobh-ai/novabiomedical_v2/main/docs_source/fda_regulatory/K251281_REVIEW_Nova_Max_Creat_eGFR_Monitoring_System.pdf,,FDA 510(k),K251281 REVIEW Nova Max Creat eGFR Monitoring System
"knowledge_fabric/fda_files/documents/K252206_Nova_Allegro_UACR_Assay,_Nova_Allegro_Analyzer.pdf",fda_document,"K252206_Nova_Allegro_UACR_Assay,_Nova_Allegro_Analyzer.pdf",2543393,8a0c61812025a7125c99df6632e79c2eb75fee2b0be89c15290fc441835691f1,https://raw.githubusercontent.com/prashobh-ai/novabiomedical_v2/main/docs_source/fda_regulatory/K252206_Nova_Allegro_UACR_Assay%2C_Nova_Allegro_Analyzer.pdf,,FDA 510(k),"K252206 Nova Allegro UACR Assay, Nova Allegro Analyzer"
"knowledge_fabric/fda_files/documents/K252206_REVIEW_Nova_Allegro_UACR_Assay,_Nova_Allegro_Analyzer.pdf",fda_document,"K252206_REVIEW_Nova_Allegro_UACR_Assay,_Nova_Allegro_Analyzer.pdf",244979,c5bad298032b2d94c52fcf3c9a97fa4519175c1b3c38dcbe9d031f00c0d5dcb6,https://raw.githubusercontent.com/prashobh-ai/novabiomedical_v2/main/docs_source/fda_regulatory/K252206_REVIEW_Nova_Allegro_UACR_Assay%2C_Nova_Allegro_Analyzer.pdf,,FDA 510(k),"K252206 REVIEW Nova Allegro UACR Assay, Nova Allegro Analyzer"
knowledge_fabric/fda_files/documents/K041016.pdf,fda_document,K041016.pdf,15110,0d48d65ea6d90519eb78a1b7b27b9696739ff472bc5960e8afd19c7a885a73cc,https://www.accessdata.fda.gov/cdrh_docs/reviews/K041016.pdf,,FDA 510(k) Summary,K041016
knowledge_fabric/fda_files/documents/K060345.pdf,fda_document,K060345.pdf,302572,b7e80c6fecc1aed9045752e8e5dd56d3b8170b7e2951231ad8ad80de721f340c,https://www.accessdata.fda.gov/cdrh_docs/reviews/K060345.pdf,,FDA 510(k) Summary,K060345
knowledge_fabric/fda_files/documents/K061830.pdf,fda_document,K061830.pdf,105663,a70f3c20ad13dcbd1f7971e2eb23164a582e1a750938596896fbb51c5c25c56f,https://www.accessdata.fda.gov/cdrh_docs/reviews/K061830.pdf,,FDA 510(k) Summary,K061830
knowledge_fabric/fda_files/documents/K063821.pdf,fda_document,K063821.pdf,133941,76c702b22769b94382357e1231262bbb9ecc9118bc88fc059fe8187a72c9f09b,https://www.accessdata.fda.gov/cdrh_docs/reviews/K063821.pdf,,FDA 510(k) Summary,K063821
knowledge_fabric/fda_files/documents/K070068.pdf,fda_document,K070068.pdf,207941,48753e28433cf911661b4a852428db962a0bece2af9f86eec34f40aceba8cc1b,https://www.accessdata.fda.gov/cdrh_docs/reviews/K070068.pdf,,FDA 510(k) Summary,K070068
knowledge_fabric/fda_files/documents/K070255.pdf,fda_document,K070255.pdf,31599,dd39569bbc95afb64dbdc5b4742af988e06bb79e3678eb5812a9d48e74046840,https://www.accessdata.fda.gov/cdrh_docs/reviews/K070255.pdf,,FDA 510(k) Summary,K070255
knowledge_fabric/fda_files/documents/K070960.pdf,fda_document,K070960.pdf,10462,c0117d21fece7745fc9075b48571da3be54b3a265ff15e57ed1c47ed02644f92,https://www.accessdata.fda.gov/cdrh_docs/reviews/K070960.pdf,,FDA 510(k) Summary,K070960
knowledge_fabric/fda_files/documents/K091547.pdf,fda_document,K091547.pdf,217214,c441a204a0c2f9d32db206769e3d42e639b4765f658ce7cf95e1dc9421d42fc0,https://www.accessdata.fda.gov/cdrh_docs/reviews/K091547.pdf,,FDA 510(k) Summary,K091547
knowledge_fabric/fda_files/documents/K100602.pdf,fda_document,K100602.pdf,177652,dc025518e1b559d1e316d9e0165efbc0c6e10fa73c311a22a78c8f41e8a0f573,https://www.accessdata.fda.gov/cdrh_docs/pdf10/K100602.pdf,,FDA 510(k) Summary,K100602
knowledge_fabric/fda_files/documents/K101633.pdf,fda_document,K101633.pdf,147986,afb20b2c9812c49293ef150aaa402e48734f2a384a2f9406ae6e0939e026dbb7,https://www.accessdata.fda.gov/cdrh_docs/pdf10/K101633.pdf,,FDA 510(k) Summary,K101633
knowledge_fabric/fda_files/documents/K110648.pdf,fda_document,K110648.pdf,309126,7121a01f7c77c81985d926a42594670d2f8326854f6d36b828b7dc9610285a88,https://www.accessdata.fda.gov/cdrh_docs/pdf11/K110648.pdf,,FDA 510(k) Summary,K110648
knowledge_fabric/fda_files/documents/K112638.pdf,fda_document,K112638.pdf,275993,5971acbf935fc0d2eb5dbe7e85763ae56bf10ed04bc2bb59565bb1f68f356cd1,https://www.accessdata.fda.gov/cdrh_docs/pdf11/K112638.pdf,,FDA 510(k) Summary,K112638
knowledge_fabric/fda_files/documents/K112955.pdf,fda_document,K112955.pdf,179607,91a33d307f1971de8cdec16552fa2ba10d420d2449f77e952feba16c5e968331,https://www.accessdata.fda.gov/cdrh_docs/pdf11/K112955.pdf,,FDA 510(k) Summary,K112955
knowledge_fabric/fda_files/documents/K122435.pdf,fda_document,K122435.pdf,257802,231e9bc838be9403a7cbcc71ef2e2d39d69cccebba718c37be8bb756fb996173,https://www.accessdata.fda.gov/cdrh_docs/pdf12/K122435.pdf,,FDA 510(k) Summary,K122435
knowledge_fabric/fda_files/documents/K122688.pdf,fda_document,K122688.pdf,316703,1a8ef2140e62c7b1e89ad9f77f45b7e3e7dccc70edc0de0fd162180f1fb80feb,https://www.accessdata.fda.gov/cdrh_docs/pdf12/K122688.pdf,,FDA 510(k) Summary,K122688
knowledge_fabric/fda_files/documents/K131013.pdf,fda_document,K131013.pdf,311114,601c11704c7f2df6370cc4c50afbad7a8ab4c750567027d8317a10548803f51d,https://www.accessdata.fda.gov/cdrh_docs/pdf13/K131013.pdf,,FDA 510(k) Summary,K131013
knowledge_fabric/fda_files/documents/K131703.pdf,fda_document,K131703.pdf,418808,0202d3a79ad9d6ae1b78451f3e40a6136a8bdbee683ddc830a593608aa18fc27,https://www.accessdata.fda.gov/cdrh_docs/pdf13/K131703.pdf,,FDA 510(k) Summary,K131703
knowledge_fabric/fda_files/documents/K132121.pdf,fda_document,K132121.pdf,596190,7be60d912f4a2e0a0d61c855d6fe3f843fcab5d8866ba49e8d502ec883192a90,https://www.accessdata.fda.gov/cdrh_docs/pdf13/K132121.pdf,,FDA 510(k) Summary,K132121
knowledge_fabric/fda_files/documents/K141907.pdf,fda_document,K141907.pdf,306848,af917bd769225a2fdeddd91147e3eac27cea08085929573627abf46f7d035f50,https://www.accessdata.fda.gov/cdrh_docs/pdf14/K141907.pdf,,FDA 510(k) Summary,K141907
knowledge_fabric/fda_files/documents/K142220.pdf,fda_document,K142220.pdf,356157,637780229f3a02fd419be03be826cb2567f532ca5a17ab048824cacdd17e29eb,https://www.accessdata.fda.gov/cdrh_docs/pdf14/K142220.pdf,,FDA 510(k) Summary,K142220
knowledge_fabric/fda_files/documents/K150281.pdf,fda_document,K150281.pdf,371227,99546bfcb501198071c1a36d6a5132c5017475b681cf69b101bcee4d5483fb32,https://www.accessdata.fda.gov/cdrh_docs/pdf15/K150281.pdf,,FDA 510(k) Summary,K150281
knowledge_fabric/fda_files/documents/K150461.pdf,fda_document,K150461.pdf,346117,29eb54611a4a814b67418b768b67c2dbc7237164626aa8079364c0eeee391645,https://www.accessdata.fda.gov/cdrh_docs/pdf15/K150461.pdf,,FDA 510(k) Summary,K150461
knowledge_fabric/fda_files/documents/K151982.pdf,fda_document,K151982.pdf,1463941,ca9a0747cc8c7cccfa35c9f1425d91c06e09d88cefbc3fbe209a0a610c1b122f,https://www.accessdata.fda.gov/cdrh_docs/pdf15/K151982.pdf,,FDA 510(k) Summary,K151982
knowledge_fabric/fda_files/documents/K152986.pdf,fda_document,K152986.pdf,399266,5a2fbb774bcc30599de42643babfe9a2a3685add6cb77708d2814dbd9439a6a7,https://www.accessdata.fda.gov/cdrh_docs/pdf15/K152986.pdf,,FDA 510(k) Summary,K152986
knowledge_fabric/fda_files/documents/K160156.pdf,fda_document,K160156.pdf,261798,5c9287e3df76c0cbca1ea418ccded45615685ca36d4a8f8848eca100bc5b399f,https://www.accessdata.fda.gov/cdrh_docs/pdf16/K160156.pdf,,FDA 510(k) Summary,K160156
knowledge_fabric/fda_files/documents/K160990.pdf,fda_document,K160990.pdf,105702,cb93b107e89952ccad12ede1c3d7d2f0d41bd7778064ec12350a2efadc74ef01,https://www.accessdata.fda.gov/cdrh_docs/pdf16/K160990.pdf,,FDA 510(k) Summary,K160990
knowledge_fabric/fda_files/documents/K161856.pdf,fda_document,K161856.pdf,392339,33b728d4ea58d0eb20440bcc6c52c82f54970b19cae59623717915442ba95d0d,https://www.accessdata.fda.gov/cdrh_docs/pdf16/K161856.pdf,,FDA 510(k) Summary,K161856
knowledge_fabric/fda_files/documents/K170464.pdf,fda_document,K170464.pdf,157397,77e5166313bb5a27fdf917d12b0890044d718fc6b6661ca7252ec81c9d850af4,https://www.accessdata.fda.gov/cdrh_docs/pdf17/K170464.pdf,,FDA 510(k) Summary,K170464
knowledge_fabric/fda_files/documents/K171059.pdf,fda_document,K171059.pdf,425992,0a5d0cba0348e571613d3e6601722d7e185136e75df8111afa6fbc9fb9656648,https://www.accessdata.fda.gov/cdrh_docs/pdf17/K171059.pdf,,FDA 510(k) Summary,K171059
knowledge_fabric/fda_files/documents/K173797.pdf,fda_document,K173797.pdf,123472,04d27c23cbf242b1ef68bb0305313eeb62e60f7c18871d7958fdc1772a9cfb4e,https://www.accessdata.fda.gov/cdrh_docs/pdf17/K173797.pdf,,FDA 510(k) Summary,K173797
knowledge_fabric/fda_files/documents/K180186.pdf,fda_document,K180186.pdf,145718,44d9c6425cf4b483617aa4ac32d299e8f86596a721f5b94603f7e1499fc44aba,https://www.accessdata.fda.gov/cdrh_docs/pdf18/K180186.pdf,,FDA 510(k) Summary,K180186
knowledge_fabric/fda_files/documents/K180340.pdf,fda_document,K180340.pdf,138847,43a1b863fed958a9324b5f4659b108e57715ac3b6b0a7ca56290f2cf7caa8e58,https://www.accessdata.fda.gov/cdrh_docs/pdf18/K180340.pdf,,FDA 510(k) Summary,K180340
knowledge_fabric/fda_files/documents/K180428.pdf,fda_document,K180428.pdf,176707,b9d73a25fb72d89a455d52701f259b7f78838bb1875a3748ae236264fd307b41,https://www.accessdata.fda.gov/cdrh_docs/pdf18/K180428.pdf,,FDA 510(k) Summary,K180428
knowledge_fabric/fda_files/documents/K182549.pdf,fda_document,K182549.pdf,192166,c092b620bffc0d7eb15e40249a071c078171f7ba2e70e3b0b6de5d9228f36a47,https://www.accessdata.fda.gov/cdrh_docs/pdf18/K182549.pdf,,FDA 510(k) Summary,K182549
knowledge_fabric/fda_files/documents/K182552.pdf,fda_document,K182552.pdf,184374,d235f077358745ee643ed5fbdae02517ba889c2fb052a2f57bf0f0e148d20550,https://www.accessdata.fda.gov/cdrh_docs/pdf18/K182552.pdf,,FDA 510(k) Summary,K182552
knowledge_fabric/fda_files/documents/K191365.pdf,fda_document,K191365.pdf,491630,dbb52280f305e0d5b6efa89456bf65b851a792785841b2a455f8dcd49a48ae44,https://www.accessdata.fda.gov/cdrh_docs/pdf19/K191365.pdf,,FDA 510(k) Summary,K191365
knowledge_fabric/fda_files/documents/K200204.pdf,fda_document,K200204.pdf,350323,2ba5aae003d6cc4d2eafde8d1a4d118e1ade76ecebad8948a86dd8e12f7d1b7f,https://www.accessdata.fda.gov/cdrh_docs/pdf20/K200204.pdf,,FDA 510(k) Summary,K200204
knowledge_fabric/fda_files/documents/K200349.pdf,fda_document,K200349.pdf,341040,1249684a7c357aae9796b0fe1afb41a7c73600c2f56bdcb7ab995dea7bb52eab,https://www.accessdata.fda.gov/cdrh_docs/pdf20/K200349.pdf,,FDA 510(k) Summary,K200349
knowledge_fabric/fda_files/structured/510k_clearances.csv,fda_structured,510k_clearances.csv,31368,5f84ca785cc4ebb1635cbecec7e6690403af7e6d75d1914f362dac71791e08d2,https://raw.githubusercontent.com/prashobh-ai/novabiomedical_v2/main/knowledge_sources/fda_structured/510k_clearances.csv,,structured_export,510k_clearances.csv
knowledge_fabric/fda_files/structured/device_recalls.csv,fda_structured,device_recalls.csv,47999,90d2a0c86ee55b92624ac6237de622ba223e0bb938067d543d9e8d189da80ff0,https://raw.githubusercontent.com/prashobh-ai/novabiomedical_v2/main/knowledge_sources/fda_structured/device_recalls.csv,,structured_export,device_recalls.csv
knowledge_fabric/fda_files/structured/enforcement_reports.csv,fda_structured,enforcement_reports.csv,16590,149a2de73934a8fab5e081852e81b2b6c5154b53e4910cfd4606acb235e29605,https://raw.githubusercontent.com/prashobh-ai/novabiomedical_v2/main/knowledge_sources/fda_structured/enforcement_reports.csv,,structured_export,enforcement_reports.csv
knowledge_fabric/fda_files/structured/establishment_registrations.csv,fda_structured,establishment_registrations.csv,81629,72d05ad0c22147980ed6ffa332f305e08853fa83dcb54ef59daf4fd6c7849fc2,https://raw.githubusercontent.com/prashobh-ai/novabiomedical_v2/main/knowledge_sources/fda_structured/establishment_registrations.csv,,structured_export,establishment_registrations.csv
knowledge_fabric/fda_files/structured/maude_adverse_events_sample.csv,fda_structured,maude_adverse_events_sample.csv,1821647,a6831691ead5ded21f6fd7b2a591cd723bb573b538a63a43d54fed7d0c700b23,https://raw.githubusercontent.com/prashobh-ai/novabiomedical_v2/main/knowledge_sources/fda_structured/maude_adverse_events_sample.csv,,structured_export,maude_adverse_events_sample.csv
knowledge_fabric/fda_files/structured/nova_ifu_document_index.csv,fda_structured,nova_ifu_document_index.csv,5056,4f9be217825980ea5409df400521926370bf4e5b99184e6e70cb604189a838f5,https://raw.githubusercontent.com/prashobh-ai/novabiomedical_v2/main/knowledge_sources/fda_structured/nova_ifu_document_index.csv,,structured_export,nova_ifu_document_index.csv
knowledge_fabric/fda_files/structured/novabiomedicaldocs_site_structure.csv,fda_structured,novabiomedicaldocs_site_structure.csv,3565,4e7b6088cf4a2992c046a27331456fb374e62b2e38215cd82e1ed3872c71233e,https://raw.githubusercontent.com/prashobh-ai/novabiomedical_v2/main/knowledge_sources/fda_structured/novabiomedicaldocs_site_structure.csv,,structured_export,novabiomedicaldocs_site_structure.csv
knowledge_fabric/fda_files/structured/product_code_classifications.csv,fda_structured,product_code_classifications.csv,3381,175409a78ddddb7f020782ae0a28712af8dceb0a0819d597c4415d0581792ec1,https://raw.githubusercontent.com/prashobh-ai/novabiomedical_v2/main/knowledge_sources/fda_structured/product_code_classifications.csv,,structured_export,product_code_classifications.csv
knowledge_fabric/fda_files/structured/udi_device_identifiers.csv,fda_structured,udi_device_identifiers.csv,90985,d754e56aa0956d0b3b834e8803245411dcff7396a18a0894970e33515d79aa2f,https://raw.githubusercontent.com/prashobh-ai/novabiomedical_v2/main/knowledge_sources/fda_structured/udi_device_identifiers.csv,,structured_export,udi_device_identifiers.csv
